{"cameraMode":{"drawMode":0,"name":"Shaded","section":"Shading Mode"},"sceneLighting":true,"audioPlay":false,"sceneViewState":{"showFog":true,"showMaterialUpdate":false,"showSkybox":true,"showFlares":true,"showImageEffects":true,"showParticleSystems":true},"in2DMode":false,"pivot":{"x":282.1374206542969,"y":269.9159851074219,"z":644.3033447265625},"rotation":{"x":0.0165281742811203,"y":-0.9828054904937744,"z":0.14703859388828278,"w":0.11047361046075821},"size":0.6276615858078003,"orthographic":false}